,0,1,2,3,4,5,6,7,8,9,10,11,12,13,14,15,16,17,18,19,20,21,22,23,24,25,26,27,28,29,30,31,32,33,34,35,36,37,38,39,40,41,42,43,44,45,46,47,48,49,50,51
flower_7,image_08104.jpg,image_07204.jpg,image_07213.jpg,image_07222.jpg,image_07223.jpg,image_08101.jpg,image_07216.jpg,image_07215.jpg,,,,,,,,,,,,,,,,,,,,,,,,,,,,,,,,,,,,,,,,,,,,
flower_80,image_02055.jpg,image_01990.jpg,image_02026.jpg,image_02000.jpg,image_02062.jpg,image_02029.jpg,image_02021.jpg,image_02005.jpg,image_01977.jpg,image_01976.jpg,image_02052.jpg,image_01971.jpg,image_01987.jpg,image_02038.jpg,image_02008.jpg,image_02031.jpg,image_02061.jpg,image_02003.jpg,image_01968.jpg,image_02068.jpg,image_01993.jpg,,,,,,,,,,,,,,,,,,,,,,,,,,,,,,,
flower_18,image_04291.jpg,image_04253.jpg,image_04293.jpg,image_04316.jpg,image_04295.jpg,image_04256.jpg,image_04272.jpg,image_04277.jpg,image_04313.jpg,image_04284.jpg,image_04301.jpg,image_04305.jpg,image_04279.jpg,image_04263.jpg,image_04325.jpg,image_04276.jpg,image_04266.jpg,,,,,,,,,,,,,,,,,,,,,,,,,,,,,,,,,,,
flower_27,image_06878.jpg,image_06858.jpg,image_06863.jpg,image_06879.jpg,image_06874.jpg,image_06869.jpg,image_06876.jpg,image_06871.jpg,,,,,,,,,,,,,,,,,,,,,,,,,,,,,,,,,,,,,,,,,,,,
flower_93,image_06013.jpg,image_06014.jpg,image_08113.jpg,image_06033.jpg,image_06027.jpg,image_06022.jpg,image_06019.jpg,image_06046.jpg,image_06038.jpg,image_06044.jpg,,,,,,,,,,,,,,,,,,,,,,,,,,,,,,,,,,,,,,,,,,
flower_45,image_07142.jpg,image_07152.jpg,image_07141.jpg,image_07131.jpg,image_07160.jpg,image_07125.jpg,image_07154.jpg,image_07129.jpg,,,,,,,,,,,,,,,,,,,,,,,,,,,,,,,,,,,,,,,,,,,,
flower_47,image_05006.jpg,image_04994.jpg,image_04985.jpg,image_05010.jpg,image_05012.jpg,image_04966.jpg,image_04983.jpg,image_04962.jpg,image_04973.jpg,image_04977.jpg,image_04980.jpg,image_04970.jpg,image_04981.jpg,image_04976.jpg,,,,,,,,,,,,,,,,,,,,,,,,,,,,,,,,,,,,,,
flower_35,image_07001.jpg,image_06990.jpg,image_06987.jpg,image_06980.jpg,image_06986.jpg,image_06996.jpg,image_06979.jpg,image_06994.jpg,image_06999.jpg,,,,,,,,,,,,,,,,,,,,,,,,,,,,,,,,,,,,,,,,,,,
flower_23,image_03459.jpg,image_03441.jpg,image_03385.jpg,image_03448.jpg,image_03377.jpg,image_03411.jpg,image_03369.jpg,image_03408.jpg,image_03378.jpg,image_03379.jpg,image_03453.jpg,image_03371.jpg,image_03457.jpg,image_03455.jpg,image_03412.jpg,image_03400.jpg,image_03375.jpg,image_03394.jpg,image_03456.jpg,,,,,,,,,,,,,,,,,,,,,,,,,,,,,,,,,
flower_50,image_06318.jpg,image_06549.jpg,image_06302.jpg,image_06569.jpg,image_06560.jpg,image_06326.jpg,image_06540.jpg,image_06565.jpg,image_06529.jpg,image_06528.jpg,image_06315.jpg,image_06553.jpg,image_06320.jpg,image_06538.jpg,image_06309.jpg,image_06327.jpg,image_06310.jpg,image_06532.jpg,image_06551.jpg,,,,,,,,,,,,,,,,,,,,,,,,,,,,,,,,,
flower_73,image_00355.jpg,image_00408.jpg,image_00262.jpg,image_00383.jpg,image_00397.jpg,image_00258.jpg,image_00278.jpg,image_00266.jpg,image_00299.jpg,image_00322.jpg,image_00338.jpg,image_00385.jpg,image_00386.jpg,image_00442.jpg,image_00374.jpg,image_00388.jpg,image_00276.jpg,image_00425.jpg,image_00380.jpg,image_00335.jpg,image_00306.jpg,image_00272.jpg,image_00414.jpg,image_00296.jpg,image_00307.jpg,image_00369.jpg,image_00273.jpg,image_00268.jpg,image_00281.jpg,image_00367.jpg,image_00271.jpg,image_00312.jpg,image_00404.jpg,image_00375.jpg,image_00274.jpg,image_00320.jpg,image_00336.jpg,image_00417.jpg,image_00431.jpg,,,,,,,,,,,,,
flower_67,image_07076.jpg,image_07058.jpg,image_07048.jpg,image_07075.jpg,image_07072.jpg,image_07069.jpg,image_07073.jpg,image_07082.jpg,image_07077.jpg,,,,,,,,,,,,,,,,,,,,,,,,,,,,,,,,,,,,,,,,,,,
flower_98,image_07801.jpg,image_07822.jpg,image_07758.jpg,image_07763.jpg,image_07815.jpg,image_07817.jpg,image_07781.jpg,image_07787.jpg,image_07832.jpg,image_07828.jpg,image_07784.jpg,image_07755.jpg,image_07802.jpg,image_07825.jpg,image_07827.jpg,image_07759.jpg,image_07762.jpg,,,,,,,,,,,,,,,,,,,,,,,,,,,,,,,,,,,
flower_60,image_03005.jpg,image_02995.jpg,image_02948.jpg,image_03015.jpg,image_02961.jpg,image_02967.jpg,image_02927.jpg,image_03017.jpg,image_03026.jpg,image_02977.jpg,image_02963.jpg,image_02947.jpg,image_02966.jpg,image_02999.jpg,image_02924.jpg,image_02949.jpg,image_03003.jpg,image_02937.jpg,image_02993.jpg,image_02965.jpg,image_02990.jpg,image_02971.jpg,,,,,,,,,,,,,,,,,,,,,,,,,,,,,,
flower_94,image_07427.jpg,image_07312.jpg,image_07390.jpg,image_07421.jpg,image_07434.jpg,image_07335.jpg,image_07425.jpg,image_07337.jpg,image_07413.jpg,image_07447.jpg,image_07449.jpg,image_07417.jpg,image_07363.jpg,image_07406.jpg,image_07446.jpg,image_07404.jpg,image_07416.jpg,image_07376.jpg,image_07407.jpg,image_07332.jpg,image_07445.jpg,image_07351.jpg,image_07426.jpg,image_07349.jpg,image_07402.jpg,image_07408.jpg,image_07463.jpg,image_07424.jpg,image_07323.jpg,image_07331.jpg,image_07375.jpg,image_07315.jpg,image_07392.jpg,,,,,,,,,,,,,,,,,,,
flower_36,image_04357.jpg,image_04343.jpg,image_04334.jpg,image_04374.jpg,image_04331.jpg,image_04333.jpg,image_04388.jpg,image_04328.jpg,image_04370.jpg,image_04359.jpg,image_04396.jpg,image_04336.jpg,image_04360.jpg,image_04350.jpg,image_04379.jpg,,,,,,,,,,,,,,,,,,,,,,,,,,,,,,,,,,,,,
flower_38,image_05799.jpg,image_05842.jpg,image_05794.jpg,image_05828.jpg,image_05805.jpg,image_05824.jpg,image_05813.jpg,image_05846.jpg,image_05835.jpg,image_05825.jpg,image_05841.jpg,image_05843.jpg,,,,,,,,,,,,,,,,,,,,,,,,,,,,,,,,,,,,,,,,
flower_1,image_06768.jpg,image_06742.jpg,image_06741.jpg,image_06757.jpg,image_06759.jpg,image_06745.jpg,image_06736.jpg,image_06763.jpg,,,,,,,,,,,,,,,,,,,,,,,,,,,,,,,,,,,,,,,,,,,,
flower_17,image_03884.jpg,image_03829.jpg,image_03873.jpg,image_03895.jpg,image_03839.jpg,image_03892.jpg,image_03830.jpg,image_03832.jpg,image_03879.jpg,image_03853.jpg,image_03889.jpg,image_03878.jpg,image_03887.jpg,image_03902.jpg,image_03880.jpg,image_03874.jpg,image_03867.jpg,,,,,,,,,,,,,,,,,,,,,,,,,,,,,,,,,,,
flower_15,image_06389.jpg,image_06377.jpg,image_06363.jpg,image_06364.jpg,image_06357.jpg,image_06353.jpg,image_06362.jpg,image_06387.jpg,image_06360.jpg,image_06367.jpg,,,,,,,,,,,,,,,,,,,,,,,,,,,,,,,,,,,,,,,,,,
flower_30,image_03476.jpg,image_03475.jpg,image_03500.jpg,image_03532.jpg,image_03509.jpg,image_03494.jpg,image_03515.jpg,image_03489.jpg,image_03484.jpg,image_03464.jpg,image_03470.jpg,image_03539.jpg,image_03540.jpg,image_03541.jpg,image_03477.jpg,image_03481.jpg,image_03516.jpg,,,,,,,,,,,,,,,,,,,,,,,,,,,,,,,,,,,
flower_26,image_06499.jpg,image_06488.jpg,image_06522.jpg,image_06523.jpg,image_06500.jpg,image_06526.jpg,image_06505.jpg,image_06511.jpg,image_06514.jpg,,,,,,,,,,,,,,,,,,,,,,,,,,,,,,,,,,,,,,,,,,,
flower_59,image_05073.jpg,image_05057.jpg,image_05033.jpg,image_05041.jpg,image_05059.jpg,image_05048.jpg,image_05031.jpg,image_05068.jpg,image_05050.jpg,image_05035.jpg,image_05071.jpg,image_05037.jpg,image_05026.jpg,image_05039.jpg,,,,,,,,,,,,,,,,,,,,,,,,,,,,,,,,,,,,,,
flower_102,image_08042.jpg,image_08019.jpg,image_08047.jpg,image_08040.jpg,image_08035.jpg,image_08045.jpg,image_08017.jpg,image_08008.jpg,image_08036.jpg,image_08015.jpg,,,,,,,,,,,,,,,,,,,,,,,,,,,,,,,,,,,,,,,,,,
flower_12,image_04015.jpg,image_03998.jpg,image_04045.jpg,image_04070.jpg,image_04056.jpg,image_04059.jpg,image_04035.jpg,image_04009.jpg,image_04072.jpg,image_04005.jpg,image_04067.jpg,image_04030.jpg,image_03997.jpg,image_04023.jpg,image_04078.jpg,image_04076.jpg,image_04075.jpg,image_04002.jpg,,,,,,,,,,,,,,,,,,,,,,,,,,,,,,,,,,
flower_22,image_05388.jpg,image_05397.jpg,image_05354.jpg,image_05341.jpg,image_05387.jpg,image_05379.jpg,image_05348.jpg,image_05360.jpg,image_05375.jpg,image_05345.jpg,image_05343.jpg,image_05362.jpg,,,,,,,,,,,,,,,,,,,,,,,,,,,,,,,,,,,,,,,,
flower_28,image_05223.jpg,image_05218.jpg,image_05265.jpg,image_05262.jpg,image_05270.jpg,image_05258.jpg,image_05228.jpg,image_05263.jpg,image_05273.jpg,image_05219.jpg,image_05240.jpg,image_05246.jpg,image_05230.jpg,image_05214.jpg,,,,,,,,,,,,,,,,,,,,,,,,,,,,,,,,,,,,,,
flower_66,image_05568.jpg,image_05537.jpg,image_05549.jpg,image_05531.jpg,image_05582.jpg,image_05565.jpg,image_05523.jpg,image_05567.jpg,image_05558.jpg,image_05583.jpg,image_05562.jpg,image_05569.jpg,image_05539.jpg,,,,,,,,,,,,,,,,,,,,,,,,,,,,,,,,,,,,,,,
flower_33,image_06444.jpg,image_06461.jpg,image_06457.jpg,image_06446.jpg,image_06442.jpg,image_06462.jpg,image_06475.jpg,image_06465.jpg,image_06482.jpg,image_06455.jpg,,,,,,,,,,,,,,,,,,,,,,,,,,,,,,,,,,,,,,,,,,
flower_53,image_03700.jpg,image_03666.jpg,image_03655.jpg,image_03725.jpg,image_03675.jpg,image_03677.jpg,image_03670.jpg,image_03646.jpg,image_03705.jpg,image_03644.jpg,image_03715.jpg,image_03707.jpg,image_03698.jpg,image_03660.jpg,image_03731.jpg,image_03692.jpg,image_03722.jpg,image_03684.jpg,image_03653.jpg,,,,,,,,,,,,,,,,,,,,,,,,,,,,,,,,,
flower_9,image_06435.jpg,image_06405.jpg,image_06415.jpg,image_06429.jpg,image_06409.jpg,image_06407.jpg,image_06426.jpg,image_06423.jpg,image_06418.jpg,image_06398.jpg,,,,,,,,,,,,,,,,,,,,,,,,,,,,,,,,,,,,,,,,,,
flower_25,image_06602.jpg,image_06583.jpg,image_06594.jpg,image_06577.jpg,image_06608.jpg,image_06586.jpg,image_06607.jpg,image_06589.jpg,image_06590.jpg,,,,,,,,,,,,,,,,,,,,,,,,,,,,,,,,,,,,,,,,,,,
flower_3,image_06629.jpg,image_06648.jpg,image_06619.jpg,image_06640.jpg,image_06634.jpg,image_06616.jpg,image_06624.jpg,image_06631.jpg,,,,,,,,,,,,,,,,,,,,,,,,,,,,,,,,,,,,,,,,,,,,
flower_65,image_03245.jpg,image_03227.jpg,image_03204.jpg,image_03239.jpg,image_03262.jpg,image_03216.jpg,image_03283.jpg,image_03268.jpg,image_03273.jpg,image_03225.jpg,image_03219.jpg,image_03217.jpg,image_03246.jpg,image_03234.jpg,image_03279.jpg,image_03238.jpg,image_03242.jpg,image_03207.jpg,image_03190.jpg,image_03189.jpg,image_03200.jpg,,,,,,,,,,,,,,,,,,,,,,,,,,,,,,,
flower_20,image_04951.jpg,image_04920.jpg,image_04925.jpg,image_04909.jpg,image_04923.jpg,image_04941.jpg,image_04950.jpg,image_04927.jpg,image_04952.jpg,image_04903.jpg,image_04934.jpg,image_04933.jpg,,,,,,,,,,,,,,,,,,,,,,,,,,,,,,,,,,,,,,,,
flower_2,image_05112.jpg,image_05113.jpg,image_05117.jpg,image_05124.jpg,image_05100.jpg,image_05114.jpg,image_05125.jpg,image_05116.jpg,image_05087.jpg,image_05121.jpg,image_05111.jpg,image_05144.jpg,,,,,,,,,,,,,,,,,,,,,,,,,,,,,,,,,,,,,,,,
flower_29,image_04107.jpg,image_04130.jpg,image_04096.jpg,image_04113.jpg,image_04102.jpg,image_04129.jpg,image_04138.jpg,image_04111.jpg,image_04156.jpg,image_04092.jpg,image_04155.jpg,image_04157.jpg,image_04139.jpg,image_04135.jpg,image_04147.jpg,image_04114.jpg,,,,,,,,,,,,,,,,,,,,,,,,,,,,,,,,,,,,
flower_4,image_05678.jpg,image_05665.jpg,image_05667.jpg,image_05651.jpg,image_05674.jpg,image_05679.jpg,image_05632.jpg,image_05659.jpg,image_05634.jpg,image_05656.jpg,image_05680.jpg,image_05676.jpg,,,,,,,,,,,,,,,,,,,,,,,,,,,,,,,,,,,,,,,,
flower_55,image_04698.jpg,image_04722.jpg,image_04703.jpg,image_04704.jpg,image_04702.jpg,image_04731.jpg,image_04735.jpg,image_04746.jpg,image_04728.jpg,image_04696.jpg,image_04734.jpg,image_04736.jpg,image_04707.jpg,image_04760.jpg,image_04739.jpg,,,,,,,,,,,,,,,,,,,,,,,,,,,,,,,,,,,,,
flower_48,image_04662.jpg,image_04639.jpg,image_04656.jpg,image_04642.jpg,image_04633.jpg,image_04681.jpg,image_04676.jpg,image_04695.jpg,image_04646.jpg,image_04668.jpg,image_04670.jpg,image_04680.jpg,image_04678.jpg,image_04628.jpg,image_04650.jpg,,,,,,,,,,,,,,,,,,,,,,,,,,,,,,,,,,,,,
flower_97,image_07718.jpg,image_07704.jpg,image_07720.jpg,image_07742.jpg,image_07706.jpg,image_07723.jpg,image_07703.jpg,image_07717.jpg,image_07705.jpg,image_07741.jpg,image_07735.jpg,image_07744.jpg,image_07710.jpg,image_07748.jpg,,,,,,,,,,,,,,,,,,,,,,,,,,,,,,,,,,,,,,
flower_75,image_02119.jpg,image_02151.jpg,image_02146.jpg,image_02111.jpg,image_02140.jpg,image_02094.jpg,image_02104.jpg,image_02184.jpg,image_02187.jpg,image_02097.jpg,image_02170.jpg,image_02188.jpg,image_02185.jpg,image_02114.jpg,image_02136.jpg,image_02181.jpg,image_02148.jpg,image_02168.jpg,image_02089.jpg,image_02087.jpg,image_02071.jpg,image_02076.jpg,image_02173.jpg,image_02093.jpg,,,,,,,,,,,,,,,,,,,,,,,,,,,,
flower_40,image_04595.jpg,image_04605.jpg,image_04591.jpg,image_04616.jpg,image_04590.jpg,image_04623.jpg,image_04610.jpg,image_04617.jpg,image_04589.jpg,image_04576.jpg,image_04558.jpg,image_04622.jpg,image_04566.jpg,image_04561.jpg,,,,,,,,,,,,,,,,,,,,,,,,,,,,,,,,,,,,,,
flower_6,image_07171.jpg,image_07177.jpg,image_07173.jpg,image_07181.jpg,image_08108.jpg,image_08109.jpg,image_07168.jpg,image_07167.jpg,image_07183.jpg,,,,,,,,,,,,,,,,,,,,,,,,,,,,,,,,,,,,,,,,,,,
flower_61,image_06247.jpg,image_06262.jpg,image_06263.jpg,image_06271.jpg,image_06295.jpg,image_06288.jpg,image_06258.jpg,image_06272.jpg,image_06290.jpg,image_06287.jpg,,,,,,,,,,,,,,,,,,,,,,,,,,,,,,,,,,,,,,,,,,
flower_76,image_02525.jpg,image_02520.jpg,image_02450.jpg,image_02456.jpg,image_02447.jpg,image_02514.jpg,image_02534.jpg,image_02540.jpg,image_02528.jpg,image_02532.jpg,image_02501.jpg,image_02487.jpg,image_02498.jpg,image_02543.jpg,image_02455.jpg,image_02486.jpg,image_02541.jpg,image_02544.jpg,image_02506.jpg,image_02452.jpg,image_02546.jpg,image_02459.jpg,,,,,,,,,,,,,,,,,,,,,,,,,,,,,,
flower_11,image_03098.jpg,image_03112.jpg,image_03115.jpg,image_03117.jpg,image_03108.jpg,image_03143.jpg,image_03145.jpg,image_03127.jpg,image_03109.jpg,image_03101.jpg,image_03095.jpg,image_03146.jpg,image_03138.jpg,image_03179.jpg,image_03125.jpg,image_03116.jpg,image_03128.jpg,image_03139.jpg,,,,,,,,,,,,,,,,,,,,,,,,,,,,,,,,,,
flower_44,image_01576.jpg,image_01525.jpg,image_01541.jpg,image_01534.jpg,image_01575.jpg,image_01577.jpg,image_01524.jpg,image_01574.jpg,image_01569.jpg,image_01581.jpg,image_01540.jpg,image_01518.jpg,image_01496.jpg,image_01494.jpg,image_01564.jpg,image_01537.jpg,image_01505.jpg,image_01529.jpg,image_01532.jpg,,,,,,,,,,,,,,,,,,,,,,,,,,,,,,,,,
flower_74,image_01281.jpg,image_01182.jpg,image_01272.jpg,image_01203.jpg,image_01305.jpg,image_01223.jpg,image_01296.jpg,image_01245.jpg,image_01282.jpg,image_01280.jpg,image_01244.jpg,image_01208.jpg,image_01164.jpg,image_01210.jpg,image_01206.jpg,image_01193.jpg,image_01188.jpg,image_01183.jpg,image_01246.jpg,image_01172.jpg,image_01235.jpg,image_01300.jpg,image_01230.jpg,image_01144.jpg,image_01209.jpg,image_01194.jpg,image_01273.jpg,image_01214.jpg,image_01220.jpg,image_01219.jpg,image_01213.jpg,image_01270.jpg,image_01201.jpg,image_01178.jpg,image_01304.jpg,,,,,,,,,,,,,,,,,
flower_49,image_06212.jpg,image_06242.jpg,image_06232.jpg,image_06205.jpg,image_06237.jpg,image_06221.jpg,image_06213.jpg,image_06200.jpg,image_06229.jpg,image_06231.jpg,,,,,,,,,,,,,,,,,,,,,,,,,,,,,,,,,,,,,,,,,,
flower_78,image_01942.jpg,image_01929.jpg,image_01893.jpg,image_01946.jpg,image_01846.jpg,image_01939.jpg,image_01938.jpg,image_01832.jpg,image_01858.jpg,image_01847.jpg,image_01923.jpg,image_01844.jpg,image_01895.jpg,image_01886.jpg,image_01907.jpg,image_01838.jpg,image_01903.jpg,image_01922.jpg,image_01855.jpg,image_01850.jpg,image_01911.jpg,image_01948.jpg,image_01940.jpg,image_01941.jpg,image_01892.jpg,image_01951.jpg,image_01943.jpg,image_01871.jpg,,,,,,,,,,,,,,,,,,,,,,,,
flower_70,image_05302.jpg,image_05300.jpg,image_05318.jpg,image_05293.jpg,image_05328.jpg,image_05321.jpg,image_05312.jpg,image_05324.jpg,image_05333.jpg,image_05330.jpg,image_05337.jpg,image_05323.jpg,image_05325.jpg,,,,,,,,,,,,,,,,,,,,,,,,,,,,,,,,,,,,,,,
flower_64,image_06139.jpg,image_06137.jpg,image_06102.jpg,image_06121.jpg,image_06128.jpg,image_06135.jpg,image_06144.jpg,image_06148.jpg,image_06106.jpg,image_06120.jpg,image_06104.jpg,,,,,,,,,,,,,,,,,,,,,,,,,,,,,,,,,,,,,,,,,
flower_42,image_05737.jpg,image_05722.jpg,image_05718.jpg,image_05717.jpg,image_05707.jpg,image_05736.jpg,image_05689.jpg,image_05735.jpg,image_05742.jpg,image_05695.jpg,image_05723.jpg,image_05716.jpg,,,,,,,,,,,,,,,,,,,,,,,,,,,,,,,,,,,,,,,,
flower_63,image_05886.jpg,image_05895.jpg,image_05889.jpg,image_05860.jpg,image_05874.jpg,image_05866.jpg,image_05901.jpg,image_05885.jpg,image_05898.jpg,image_05888.jpg,image_05870.jpg,,,,,,,,,,,,,,,,,,,,,,,,,,,,,,,,,,,,,,,,,
flower_86,image_02888.jpg,image_02863.jpg,image_02866.jpg,image_02904.jpg,image_02880.jpg,image_02903.jpg,image_02897.jpg,image_02874.jpg,image_02865.jpg,image_02882.jpg,image_02867.jpg,image_02919.jpg,,,,,,,,,,,,,,,,,,,,,,,,,,,,,,,,,,,,,,,,
flower_58,image_02724.jpg,image_02690.jpg,image_02720.jpg,image_02656.jpg,image_02685.jpg,image_02733.jpg,image_02718.jpg,image_02706.jpg,image_02671.jpg,image_02711.jpg,image_02676.jpg,image_02700.jpg,image_02670.jpg,image_02688.jpg,image_02729.jpg,image_02714.jpg,image_02666.jpg,image_02728.jpg,image_02739.jpg,image_02703.jpg,image_02669.jpg,image_02657.jpg,image_02681.jpg,,,,,,,,,,,,,,,,,,,,,,,,,,,,,
flower_8,image_03302.jpg,image_03331.jpg,image_03367.jpg,image_03347.jpg,image_03368.jpg,image_03305.jpg,image_03318.jpg,image_03320.jpg,image_03356.jpg,image_03293.jpg,image_03355.jpg,image_03321.jpg,image_03312.jpg,image_03286.jpg,image_03354.jpg,image_03330.jpg,image_03351.jpg,,,,,,,,,,,,,,,,,,,,,,,,,,,,,,,,,,,
flower_57,image_07240.jpg,image_08146.jpg,image_07241.jpg,image_08125.jpg,image_08136.jpg,image_07250.jpg,image_07248.jpg,image_08144.jpg,image_08147.jpg,image_07251.jpg,image_08127.jpg,image_08138.jpg,image_07242.jpg,image_08140.jpg,,,,,,,,,,,,,,,,,,,,,,,,,,,,,,,,,,,,,,
flower_90,image_04429.jpg,image_04416.jpg,image_04473.jpg,image_04454.jpg,image_04472.jpg,image_04443.jpg,image_04401.jpg,image_04460.jpg,image_04408.jpg,image_04444.jpg,image_04430.jpg,image_04412.jpg,image_04463.jpg,image_04469.jpg,image_04441.jpg,image_04440.jpg,image_04434.jpg,,,,,,,,,,,,,,,,,,,,,,,,,,,,,,,,,,,
flower_39,image_07044.jpg,image_07008.jpg,image_07042.jpg,image_07025.jpg,image_07018.jpg,image_07014.jpg,image_07041.jpg,image_07037.jpg,image_07022.jpg,,,,,,,,,,,,,,,,,,,,,,,,,,,,,,,,,,,,,,,,,,,
flower_99,image_07842.jpg,image_07883.jpg,image_07833.jpg,image_07852.jpg,image_07871.jpg,image_07885.jpg,image_07861.jpg,image_07880.jpg,image_07877.jpg,image_07857.jpg,image_07869.jpg,image_07838.jpg,image_07847.jpg,,,,,,,,,,,,,,,,,,,,,,,,,,,,,,,,,,,,,,,
flower_56,image_02794.jpg,image_02848.jpg,image_02855.jpg,image_02839.jpg,image_02804.jpg,image_02800.jpg,image_02767.jpg,image_02846.jpg,image_02779.jpg,image_02844.jpg,image_02859.jpg,image_02830.jpg,image_02841.jpg,image_02786.jpg,image_02849.jpg,image_02812.jpg,image_02850.jpg,image_02755.jpg,image_02799.jpg,image_02768.jpg,image_02776.jpg,image_02835.jpg,,,,,,,,,,,,,,,,,,,,,,,,,,,,,,
flower_84,image_02569.jpg,image_02568.jpg,image_02606.jpg,image_02593.jpg,image_02621.jpg,image_02587.jpg,image_02613.jpg,image_02567.jpg,image_02564.jpg,image_02565.jpg,image_02571.jpg,image_02596.jpg,image_02620.jpg,image_02604.jpg,image_02618.jpg,image_02628.jpg,image_02560.jpg,image_02601.jpg,,,,,,,,,,,,,,,,,,,,,,,,,,,,,,,,,,
flower_69,image_06007.jpg,image_06004.jpg,image_05957.jpg,image_05982.jpg,image_05962.jpg,image_06005.jpg,image_05959.jpg,image_05987.jpg,image_05993.jpg,image_05974.jpg,image_05997.jpg,,,,,,,,,,,,,,,,,,,,,,,,,,,,,,,,,,,,,,,,,
flower_24,image_06828.jpg,image_06826.jpg,image_06830.jpg,image_06837.jpg,image_08053.jpg,image_06842.jpg,image_08048.jpg,image_06831.jpg,image_08051.jpg,,,,,,,,,,,,,,,,,,,,,,,,,,,,,,,,,,,,,,,,,,,
flower_31,image_06902.jpg,image_06921.jpg,image_08067.jpg,image_06925.jpg,image_08076.jpg,image_06903.jpg,image_06922.jpg,image_06901.jpg,image_08072.jpg,image_06899.jpg,image_06911.jpg,,,,,,,,,,,,,,,,,,,,,,,,,,,,,,,,,,,,,,,,,
flower_51,image_01320.jpg,image_01393.jpg,image_01402.jpg,image_01369.jpg,image_01347.jpg,image_03944.jpg,image_01435.jpg,image_03941.jpg,image_01315.jpg,image_03934.jpg,image_01449.jpg,image_01475.jpg,image_01436.jpg,image_01362.jpg,image_01386.jpg,image_01325.jpg,image_03958.jpg,image_01380.jpg,image_03921.jpg,image_01486.jpg,image_01411.jpg,image_01414.jpg,image_01477.jpg,image_01389.jpg,image_03962.jpg,image_01410.jpg,image_01464.jpg,image_01375.jpg,image_01483.jpg,image_01474.jpg,image_03942.jpg,image_01345.jpg,image_03933.jpg,image_01366.jpg,image_01438.jpg,image_03916.jpg,image_01408.jpg,image_01426.jpg,image_03984.jpg,image_03969.jpg,image_03913.jpg,image_03915.jpg,image_03924.jpg,image_01318.jpg,image_01441.jpg,image_01367.jpg,image_01357.jpg,image_01406.jpg,image_01415.jpg,image_01431.jpg,image_01442.jpg,image_01445.jpg
flower_54,image_05440.jpg,image_05428.jpg,image_05422.jpg,image_05448.jpg,image_05413.jpg,image_05417.jpg,image_05457.jpg,image_05431.jpg,image_05409.jpg,image_05456.jpg,image_05412.jpg,image_05404.jpg,image_05401.jpg,,,,,,,,,,,,,,,,,,,,,,,,,,,,,,,,,,,,,,,
flower_13,image_05778.jpg,image_05787.jpg,image_05748.jpg,image_05791.jpg,image_05786.jpg,image_05760.jpg,image_05773.jpg,image_05780.jpg,image_05755.jpg,image_05788.jpg,,,,,,,,,,,,,,,,,,,,,,,,,,,,,,,,,,,,,,,,,,
flower_21,image_06809.jpg,image_06798.jpg,image_06792.jpg,image_06813.jpg,image_06782.jpg,image_06794.jpg,image_06787.jpg,image_06806.jpg,,,,,,,,,,,,,,,,,,,,,,,,,,,,,,,,,,,,,,,,,,,,
flower_34,image_06946.jpg,image_06950.jpg,image_06945.jpg,image_06963.jpg,image_06967.jpg,image_06938.jpg,image_06943.jpg,image_06931.jpg,,,,,,,,,,,,,,,,,,,,,,,,,,,,,,,,,,,,,,,,,,,,
flower_71,image_04497.jpg,image_04533.jpg,image_04484.jpg,image_04555.jpg,image_04513.jpg,image_04530.jpg,image_04529.jpg,image_04534.jpg,image_04507.jpg,image_04488.jpg,image_04528.jpg,image_04505.jpg,image_04544.jpg,image_04486.jpg,image_04493.jpg,image_04541.jpg,,,,,,,,,,,,,,,,,,,,,,,,,,,,,,,,,,,,
flower_79,image_06696.jpg,image_06732.jpg,image_06714.jpg,image_06709.jpg,image_06730.jpg,image_06697.jpg,image_06722.jpg,image_06708.jpg,image_06729.jpg,,,,,,,,,,,,,,,,,,,,,,,,,,,,,,,,,,,,,,,,,,,
flower_62,image_08167.jpg,image_08153.jpg,image_07280.jpg,image_08169.jpg,image_07281.jpg,image_08185.jpg,image_07279.jpg,image_07276.jpg,image_08181.jpg,image_07278.jpg,image_08158.jpg,,,,,,,,,,,,,,,,,,,,,,,,,,,,,,,,,,,,,,,,,
flower_83,image_01803.jpg,image_01770.jpg,image_01796.jpg,image_01784.jpg,image_01713.jpg,image_01738.jpg,image_01820.jpg,image_01712.jpg,image_01821.jpg,image_01771.jpg,image_01788.jpg,image_01793.jpg,image_01698.jpg,image_01743.jpg,image_01776.jpg,image_01817.jpg,image_01757.jpg,image_01769.jpg,image_01795.jpg,image_01802.jpg,image_01730.jpg,image_01763.jpg,image_01791.jpg,image_01789.jpg,image_01815.jpg,image_01739.jpg,image_01779.jpg,,,,,,,,,,,,,,,,,,,,,,,,,
flower_43,image_02316.jpg,image_02374.jpg,image_02395.jpg,image_02365.jpg,image_02433.jpg,image_02398.jpg,image_02399.jpg,image_02330.jpg,image_02321.jpg,image_02334.jpg,image_02405.jpg,image_02368.jpg,image_02400.jpg,image_02338.jpg,image_02443.jpg,image_02320.jpg,image_02414.jpg,image_02402.jpg,image_02427.jpg,image_02415.jpg,image_02373.jpg,image_02326.jpg,image_02331.jpg,image_02322.jpg,image_02366.jpg,image_02351.jpg,,,,,,,,,,,,,,,,,,,,,,,,,,
flower_32,image_05605.jpg,image_05584.jpg,image_05589.jpg,image_05594.jpg,image_05625.jpg,image_05603.jpg,image_05608.jpg,image_05623.jpg,image_05618.jpg,,,,,,,,,,,,,,,,,,,,,,,,,,,,,,,,,,,,,,,,,,,
flower_37,image_03782.jpg,image_03825.jpg,image_03824.jpg,image_03823.jpg,image_03747.jpg,image_03794.jpg,image_03816.jpg,image_03743.jpg,image_03755.jpg,image_03804.jpg,image_03800.jpg,image_03797.jpg,image_03788.jpg,image_03798.jpg,image_03822.jpg,image_03801.jpg,image_03756.jpg,image_03783.jpg,image_03786.jpg,image_03757.jpg,image_03766.jpg,image_03815.jpg,,,,,,,,,,,,,,,,,,,,,,,,,,,,,,
flower_95,image_07514.jpg,image_07592.jpg,image_07470.jpg,image_07499.jpg,image_07585.jpg,image_07491.jpg,image_07536.jpg,image_07530.jpg,image_07573.jpg,image_07524.jpg,image_07469.jpg,image_07559.jpg,image_07492.jpg,image_07556.jpg,image_07537.jpg,image_07575.jpg,image_07554.jpg,image_07500.jpg,image_07478.jpg,image_07568.jpg,image_07494.jpg,image_07477.jpg,image_07522.jpg,image_07588.jpg,image_07505.jpg,image_07539.jpg,,,,,,,,,,,,,,,,,,,,,,,,,,
flower_85,image_04806.jpg,image_04775.jpg,image_04797.jpg,image_04800.jpg,image_04816.jpg,image_04804.jpg,image_04773.jpg,image_04770.jpg,image_04785.jpg,image_04813.jpg,image_04780.jpg,image_04783.jpg,image_04778.jpg,,,,,,,,,,,,,,,,,,,,,,,,,,,,,,,,,,,,,,,
flower_46,image_01068.jpg,image_01081.jpg,image_01058.jpg,image_00969.jpg,image_01044.jpg,image_01016.jpg,image_01106.jpg,image_00992.jpg,image_01046.jpg,image_01114.jpg,image_01015.jpg,image_01047.jpg,image_01132.jpg,image_01074.jpg,image_01066.jpg,image_01060.jpg,image_01137.jpg,image_00998.jpg,image_01065.jpg,image_00971.jpg,image_01061.jpg,image_00996.jpg,image_01119.jpg,image_01088.jpg,image_01042.jpg,image_01070.jpg,image_00961.jpg,image_00972.jpg,image_01112.jpg,image_01080.jpg,image_01141.jpg,image_01142.jpg,image_01076.jpg,image_01104.jpg,image_01133.jpg,image_01038.jpg,image_01009.jpg,image_00953.jpg,image_00978.jpg,image_01085.jpg,,,,,,,,,,,,
flower_16,image_06661.jpg,image_06684.jpg,image_06658.jpg,image_06667.jpg,image_06664.jpg,image_06681.jpg,image_06665.jpg,image_06660.jpg,image_06668.jpg,,,,,,,,,,,,,,,,,,,,,,,,,,,,,,,,,,,,,,,,,,,
flower_72,image_03636.jpg,image_03548.jpg,image_03587.jpg,image_03583.jpg,image_03617.jpg,image_03553.jpg,image_03626.jpg,image_03632.jpg,image_03610.jpg,image_03564.jpg,image_03635.jpg,image_03576.jpg,image_03595.jpg,image_03623.jpg,image_03629.jpg,image_03565.jpg,image_03606.jpg,image_03609.jpg,image_03631.jpg,image_03562.jpg,,,,,,,,,,,,,,,,,,,,,,,,,,,,,,,,
flower_81,image_00916.jpg,image_00818.jpg,image_00872.jpg,image_00862.jpg,image_00849.jpg,image_00904.jpg,image_00832.jpg,image_00826.jpg,image_00790.jpg,image_00812.jpg,image_00932.jpg,image_00896.jpg,image_00921.jpg,image_00822.jpg,image_00816.jpg,image_00880.jpg,image_00838.jpg,image_00893.jpg,image_00888.jpg,image_00842.jpg,image_00863.jpg,image_00917.jpg,image_00858.jpg,image_00806.jpg,image_00889.jpg,image_00885.jpg,image_00854.jpg,image_00809.jpg,image_00902.jpg,image_00871.jpg,image_00869.jpg,image_00887.jpg,image_00906.jpg,image_00913.jpg,,,,,,,,,,,,,,,,,,
flower_52,image_04171.jpg,image_04235.jpg,image_04206.jpg,image_04190.jpg,image_04204.jpg,image_04224.jpg,image_04188.jpg,image_04233.jpg,image_04165.jpg,image_04197.jpg,image_04203.jpg,image_04215.jpg,image_04202.jpg,image_04232.jpg,image_04241.jpg,image_04221.jpg,image_04237.jpg,,,,,,,,,,,,,,,,,,,,,,,,,,,,,,,,,,,
flower_89,image_00608.jpg,image_00728.jpg,image_00721.jpg,image_00669.jpg,image_00629.jpg,image_00622.jpg,image_00667.jpg,image_00733.jpg,image_00723.jpg,image_00712.jpg,image_00687.jpg,image_00731.jpg,image_00773.jpg,image_00645.jpg,image_00601.jpg,image_00735.jpg,image_00653.jpg,image_00636.jpg,image_00659.jpg,image_00630.jpg,image_00762.jpg,image_00694.jpg,image_00704.jpg,image_00697.jpg,image_00660.jpg,image_00722.jpg,image_00725.jpg,image_00727.jpg,image_00767.jpg,image_00677.jpg,image_00763.jpg,image_00649.jpg,image_00683.jpg,image_00675.jpg,image_00719.jpg,image_07284.jpg,image_00696.jpg,,,,,,,,,,,,,,,
flower_92,image_03085.jpg,image_03067.jpg,image_03045.jpg,image_03092.jpg,image_03079.jpg,image_03043.jpg,image_03068.jpg,image_03080.jpg,image_03049.jpg,image_03070.jpg,image_03054.jpg,image_03040.jpg,image_03034.jpg,image_03048.jpg,,,,,,,,,,,,,,,,,,,,,,,,,,,,,,,,,,,,,,
flower_88,image_00488.jpg,image_00524.jpg,image_00557.jpg,image_00494.jpg,image_00594.jpg,image_00465.jpg,image_00560.jpg,image_00458.jpg,image_00455.jpg,image_00534.jpg,image_00449.jpg,image_00456.jpg,image_00451.jpg,image_00556.jpg,image_00473.jpg,image_00532.jpg,image_00587.jpg,image_00468.jpg,image_00477.jpg,image_00499.jpg,image_00592.jpg,image_00497.jpg,image_00579.jpg,image_00475.jpg,image_00491.jpg,image_00565.jpg,image_00501.jpg,image_00521.jpg,image_00505.jpg,image_00448.jpg,image_00507.jpg,,,,,,,,,,,,,,,,,,,,,
flower_82,image_01597.jpg,image_01669.jpg,image_01691.jpg,image_01646.jpg,image_01677.jpg,image_01611.jpg,image_01606.jpg,image_01610.jpg,image_01665.jpg,image_01678.jpg,image_01689.jpg,image_01643.jpg,image_01668.jpg,image_01587.jpg,image_01584.jpg,image_01609.jpg,image_01592.jpg,image_01640.jpg,image_01605.jpg,image_01586.jpg,image_01681.jpg,image_01671.jpg,image_01690.jpg,,,,,,,,,,,,,,,,,,,,,,,,,,,,,
flower_19,image_06163.jpg,image_06176.jpg,image_06154.jpg,image_06155.jpg,image_06173.jpg,image_06167.jpg,image_06170.jpg,image_06188.jpg,image_06180.jpg,image_06184.jpg,,,,,,,,,,,,,,,,,,,,,,,,,,,,,,,,,,,,,,,,,,
flower_68,image_05934.jpg,image_05918.jpg,image_05942.jpg,image_05930.jpg,image_05925.jpg,image_05950.jpg,image_05956.jpg,image_05919.jpg,image_05915.jpg,image_05955.jpg,image_05928.jpg,,,,,,,,,,,,,,,,,,,,,,,,,,,,,,,,,,,,,,,,,
flower_87,image_05478.jpg,image_05518.jpg,image_05513.jpg,image_05514.jpg,image_05509.jpg,image_05494.jpg,image_05502.jpg,image_05508.jpg,image_05495.jpg,image_05511.jpg,image_05490.jpg,image_05491.jpg,image_05505.jpg,,,,,,,,,,,,,,,,,,,,,,,,,,,,,,,,,,,,,,,
flower_5,image_05205.jpg,image_05204.jpg,image_05178.jpg,image_05164.jpg,image_05206.jpg,image_05183.jpg,image_05162.jpg,image_05159.jpg,image_05198.jpg,image_05161.jpg,image_05175.jpg,image_05151.jpg,image_05181.jpg,,,,,,,,,,,,,,,,,,,,,,,,,,,,,,,,,,,,,,,
flower_77,image_00076.jpg,image_00020.jpg,image_00063.jpg,image_00096.jpg,image_00092.jpg,image_00157.jpg,image_00062.jpg,image_00228.jpg,image_00037.jpg,image_00018.jpg,image_00111.jpg,image_00168.jpg,image_00023.jpg,image_00033.jpg,image_00170.jpg,image_00205.jpg,image_00152.jpg,image_00135.jpg,image_00193.jpg,image_00210.jpg,image_00160.jpg,image_00031.jpg,image_00089.jpg,image_00151.jpg,image_00069.jpg,image_00187.jpg,image_00016.jpg,image_00225.jpg,image_00136.jpg,image_00122.jpg,image_00046.jpg,image_00230.jpg,image_00166.jpg,image_00133.jpg,image_00207.jpg,image_00181.jpg,image_00201.jpg,image_00032.jpg,image_00206.jpg,image_00116.jpg,image_00044.jpg,image_00218.jpg,image_00219.jpg,image_00042.jpg,image_00024.jpg,image_00087.jpg,image_00202.jpg,image_00214.jpg,image_00025.jpg,image_00012.jpg,image_00198.jpg,
flower_100,image_07935.jpg,image_07941.jpg,image_07924.jpg,image_07913.jpg,image_07912.jpg,image_07901.jpg,image_07925.jpg,image_07939.jpg,image_07922.jpg,image_07899.jpg,,,,,,,,,,,,,,,,,,,,,,,,,,,,,,,,,,,,,,,,,,
flower_14,image_06068.jpg,image_06083.jpg,image_06059.jpg,image_06074.jpg,image_06058.jpg,image_06064.jpg,image_06061.jpg,image_06078.jpg,image_06087.jpg,image_06091.jpg,,,,,,,,,,,,,,,,,,,,,,,,,,,,,,,,,,,,,,,,,,
flower_101,image_07942.jpg,image_07982.jpg,image_07947.jpg,image_07971.jpg,image_07988.jpg,image_07965.jpg,image_07997.jpg,image_07981.jpg,image_07951.jpg,image_07945.jpg,image_07998.jpg,image_07954.jpg,,,,,,,,,,,,,,,,,,,,,,,,,,,,,,,,,,,,,,,,
flower_91,image_04848.jpg,image_04849.jpg,image_04836.jpg,image_04881.jpg,image_08059.jpg,image_04878.jpg,image_08061.jpg,image_04870.jpg,image_04862.jpg,image_04859.jpg,image_04855.jpg,image_04850.jpg,image_04867.jpg,image_04840.jpg,image_04842.jpg,image_04852.jpg,,,,,,,,,,,,,,,,,,,,,,,,,,,,,,,,,,,,
flower_10,image_07090.jpg,image_08092.jpg,image_07118.jpg,image_07110.jpg,image_07106.jpg,image_07108.jpg,image_07086.jpg,image_07113.jpg,image_07101.jpg,,,,,,,,,,,,,,,,,,,,,,,,,,,,,,,,,,,,,,,,,,,
flower_41,image_02290.jpg,image_02239.jpg,image_02292.jpg,image_02312.jpg,image_02221.jpg,image_02194.jpg,image_02287.jpg,image_02219.jpg,image_02223.jpg,image_02301.jpg,image_02246.jpg,image_02299.jpg,image_02281.jpg,image_02286.jpg,image_02206.jpg,image_02211.jpg,image_02243.jpg,image_02297.jpg,image_02276.jpg,image_02197.jpg,image_02275.jpg,image_02313.jpg,image_02228.jpg,image_02295.jpg,image_02302.jpg,image_02306.jpg,,,,,,,,,,,,,,,,,,,,,,,,,,
flower_96,image_07656.jpg,image_07664.jpg,image_07659.jpg,image_07672.jpg,image_07644.jpg,image_07653.jpg,image_07650.jpg,image_07637.jpg,image_07622.jpg,image_07640.jpg,image_07603.jpg,image_07625.jpg,image_07612.jpg,image_07683.jpg,image_07632.jpg,image_07607.jpg,image_07654.jpg,image_07627.jpg,image_07615.jpg,,,,,,,,,,,,,,,,,,,,,,,,,,,,,,,,,
